{"Bleu_1": 0.8421543140236322, "Bleu_2": 0.6685820156242827, "Bleu_3": 0.5023093085965912, "Bleu_4": 0.36890807117809915, "METEOR": 0.28779218465101675, "ROUGE_L": 0.5812560094117201, "CIDEr": 0.5303714855350884, "SPICE": 0.20484195466731306}